{"name": "QGIS Plot Plan Creator.qgz", "layers": [{"title": "SnoCo_Parcels_sans_dups", "geojson": "6532aea5-553e-4fb5-80b2-b1b8de533eb0.geojson", "sld": "6532aea5-553e-4fb5-80b2-b1b8de533eb0.sld", "opacity": 1.0, "hasIcon": true}, {"title": "Leallet Building_Footprints", "geojson": "7cc2c124-2941-4d43-a803-fd4db558f06b.geojson", "sld": "7cc2c124-2941-4d43-a803-fd4db558f06b.sld", "opacity": 1.0, "hasIcon": true}, {"title": "Leallet Storm_Lines", "geojson": "757bb86d-b4d7-46b5-aef2-793cc5938f32.geojson", "sld": "757bb86d-b4d7-46b5-aef2-793cc5938f32.sld", "opacity": 1.0, "hasIcon": true}, {"title": "Leallet Sewer_Mainlines", "geojson": "57c33f7c-1138-4f80-be36-da41cc4b4ffe.geojson", "sld": "57c33f7c-1138-4f80-be36-da41cc4b4ffe.sld", "opacity": 1.0, "hasIcon": true}, {"title": "Leallet Water_Mainlines", "geojson": "7a943f55-2102-4f66-931b-705fe24f438b.geojson", "sld": "7a943f55-2102-4f66-931b-705fe24f438b.sld", "opacity": 1.0, "hasIcon": true}], "bounds": [-122.33313804057819, 47.77630524349688, -122.28158328970983, 47.80838582524354], "maxZoom": 11, "minZoom": 6, "description": "", "attribution": "", "popupTemplate": "", "initialBounds": [-122.33197011983023, 47.78091988534621, -122.28098287233706, 47.80084883867887], "limitedInitialBounds": false, "popupLayerIndex": -1, "hasLayerControl": true, "hasZoomControl": true, "hasLayerLegend": true, "basemap": "bmapgrau"}